"233","picture0233.jpeg"
"232","picture0232.jpeg"
"227","picture0227.jpeg"
"247","picture0247.jpeg"
"240","picture0240.jpeg"
"230","picture0230.jpeg"
"235","picture0235.jpeg"
"243","picture0243.jpeg"
"228","picture0228.jpeg"
"236","picture0236.jpeg"
"248","picture0248.jpeg"
"223","picture0223.jpeg"
"242","picture0242.jpeg"
"234","picture0234.jpeg"
"241","picture0241.jpeg"
"224","picture0224.jpeg"
"229","picture0229.jpeg"
"244","picture0244.jpeg"
"239","picture0239.jpeg"
"249","picture0249.jpeg"
"238","picture0238.jpeg"
"225","picture0225.jpeg"
"245","picture0245.jpeg"
"237","picture0237.jpeg"
"226","picture0226.jpeg"
"231","picture0231.jpeg"
"246","picture0246.jpeg"
"475","picture0475.jpeg"
"459","picture0459.jpeg"
"442","picture0442.jpeg"
"632","picture0632.jpeg"
"474","picture0474.jpeg"
"175","picture0175.jpeg"
"471","picture0471.jpeg"
"168","picture0168.jpeg"
"479","picture0479.jpeg"
"470","picture0470.jpeg"
"633","picture0633.jpeg"
"751","picture0751.jpeg"
"616","picture0616.jpeg"
"448","picture0448.jpeg"
"440","picture0440.jpeg"
"343","picture0343.jpeg"
"445","picture0445.jpeg"
"753","picture0753.jpeg"
"461","picture0461.jpeg"
"481","picture0481.jpeg"
"983","picture0983.jpeg"
"480","picture0480.jpeg"
"754","picture0754.jpeg"
"252","picture0252.jpeg"
"619","picture0619.jpeg"
"174","picture0174.jpeg"
"2","picture0002.jpeg"
"626","picture0626.jpeg"
"441","picture0441.jpeg"
"648","picture0648.jpeg"
"157","picture0157.jpeg"
"164","picture0164.jpeg"
"450","picture0450.jpeg"
"627","picture0627.jpeg"
"446","picture0446.jpeg"
"193","picture0193.jpeg"
"456","picture0456.jpeg"
"438","picture0438.jpeg"
"349","picture0349.jpeg"
"178","picture0178.jpeg"
"646","picture0646.jpeg"
"613","picture0613.jpeg"
"465","picture0465.jpeg"
"443","picture0443.jpeg"
"615","picture0615.jpeg"
"634","picture0634.jpeg"
"383","picture0383.jpeg"
"163","picture0163.jpeg"
"161","picture0161.jpeg"
"356","picture0356.jpeg"
"156","picture0156.jpeg"
"355","picture0355.jpeg"
"250","picture0250.jpeg"
"447","picture0447.jpeg"
"166","picture0166.jpeg"
"171","picture0171.jpeg"
"982","picture0982.jpeg"
"482","picture0482.jpeg"
"1016","picture1016.jpeg"
"251","picture0251.jpeg"
"467","picture0467.jpeg"
"473","picture0473.jpeg"
"177","picture0177.jpeg"
"159","picture0159.jpeg"
"452","picture0452.jpeg"
"435","picture0435.jpeg"
"351","picture0351.jpeg"
"618","picture0618.jpeg"
"623","picture0623.jpeg"
"165","picture0165.jpeg"
"194","picture0194.jpeg"
"160","picture0160.jpeg"
"629","picture0629.jpeg"
"14","picture0014.jpeg"
"158","picture0158.jpeg"
"636","picture0636.jpeg"
"179","picture0179.jpeg"
"620","picture0620.jpeg"
"468","picture0468.jpeg"
"463","picture0463.jpeg"
"477","picture0477.jpeg"
"610","picture0610.jpeg"
"621","picture0621.jpeg"
"476","picture0476.jpeg"
"449","picture0449.jpeg"
"469","picture0469.jpeg"
"630","picture0630.jpeg"
"176","picture0176.jpeg"
"162","picture0162.jpeg"
"478","picture0478.jpeg"
"611","picture0611.jpeg"
"617","picture0617.jpeg"
"353","picture0353.jpeg"
"624","picture0624.jpeg"
"981","picture0981.jpeg"
"628","picture0628.jpeg"
"472","picture0472.jpeg"
"451","picture0451.jpeg"
"444","picture0444.jpeg"
"625","picture0625.jpeg"
"347","picture0347.jpeg"
"454","picture0454.jpeg"
"464","picture0464.jpeg"
"622","picture0622.jpeg"
"439","picture0439.jpeg"
"716","picture0716.jpeg"
"1537","picture1537.jpeg"
"830","picture0830.jpeg"
"714","picture0714.jpeg"
"719","picture0719.jpeg"
"724","picture0724.jpeg"
"264","picture0264.jpeg"
"1383","picture1383.jpeg"
"1933","picture1933.jpeg"
"952","picture0952.jpeg"
"1467","picture1467.jpeg"
"721","picture0721.jpeg"
"655","picture0655.jpeg"
"706","picture0706.jpeg"
"1907","picture1907.jpeg"
"689","picture0689.jpeg"
"1389","picture1389.jpeg"
"704","picture0704.jpeg"
"692","picture0692.jpeg"
"432","picture0432.jpeg"
"729","picture0729.jpeg"
"802","picture0802.jpeg"
"1388","picture1388.jpeg"
"743","picture0743.jpeg"
"726","picture0726.jpeg"
"1392","picture1392.jpeg"
"263","picture0263.jpeg"
"1391","picture1391.jpeg"
"659","picture0659.jpeg"
"722","picture0722.jpeg"
"699","picture0699.jpeg"
"1482","picture1482.jpeg"
"690","picture0690.jpeg"
"269","picture0269.jpeg"
"708","picture0708.jpeg"
"696","picture0696.jpeg"
"378","picture0378.jpeg"
"748","picture0748.jpeg"
"1450","picture1450.jpeg"
"1948","picture1948.jpeg"
"1905","picture1905.jpeg"
"736","picture0736.jpeg"
"695","picture0695.jpeg"
"693","picture0693.jpeg"
"713","picture0713.jpeg"
"1927","picture1927.jpeg"
"727","picture0727.jpeg"
"516","picture0516.jpeg"
"433","picture0433.jpeg"
"653","picture0653.jpeg"
"1134","picture1134.jpeg"
"1466","picture1466.jpeg"
"1390","picture1390.jpeg"
"723","picture0723.jpeg"
"1133","picture1133.jpeg"
"701","picture0701.jpeg"
"712","picture0712.jpeg"
"657","picture0657.jpeg"
"742","picture0742.jpeg"
"274","picture0274.jpeg"
"1485","picture1485.jpeg"
"1909","picture1909.jpeg"
"1481","picture1481.jpeg"
"697","picture0697.jpeg"
"698","picture0698.jpeg"
"738","picture0738.jpeg"
"694","picture0694.jpeg"
"1449","picture1449.jpeg"
"740","picture0740.jpeg"
"728","picture0728.jpeg"
"518","picture0518.jpeg"
"1137","picture1137.jpeg"
"717","picture0717.jpeg"
"790","picture0790.jpeg"
"711","picture0711.jpeg"
"781","picture0781.jpeg"
"1132","picture1132.jpeg"
"1141","picture1141.jpeg"
"700","picture0700.jpeg"
"1484","picture1484.jpeg"
"710","picture0710.jpeg"
"684","picture0684.jpeg"
"652","picture0652.jpeg"
"791","picture0791.jpeg"
"778","picture0778.jpeg"
"1470","picture1470.jpeg"
"715","picture0715.jpeg"
"258","picture0258.jpeg"
"1478","picture1478.jpeg"
"737","picture0737.jpeg"
"1483","picture1483.jpeg"
"688","picture0688.jpeg"
"734","picture0734.jpeg"
"745","picture0745.jpeg"
"1955","picture1955.jpeg"
"702","picture0702.jpeg"
"691","picture0691.jpeg"
"1822","picture1822.jpeg"
"1820","picture1820.jpeg"
"1818","picture1818.jpeg"
"1800","picture1800.jpeg"
"1131","picture1131.jpeg"
"1841","picture1841.jpeg"
"170","picture0170.jpeg"
"1809","picture1809.jpeg"
"180","picture0180.jpeg"
"460","picture0460.jpeg"
"1798","picture1798.jpeg"
"1425","picture1425.jpeg"
"457","picture0457.jpeg"
"645","picture0645.jpeg"
"167","picture0167.jpeg"
"191","picture0191.jpeg"
"1503","picture1503.jpeg"
"1793","picture1793.jpeg"
"348","picture0348.jpeg"
"173","picture0173.jpeg"
"346","picture0346.jpeg"
"1803","picture1803.jpeg"
"874","picture0874.jpeg"
"1842","picture1842.jpeg"
"1829","picture1829.jpeg"
"1986","picture1986.jpeg"
"875","picture0875.jpeg"
"1451","picture1451.jpeg"
"1020","picture1020.jpeg"
"1849","picture1849.jpeg"
"640","picture0640.jpeg"
"1026","picture1026.jpeg"
"434","picture0434.jpeg"
"453","picture0453.jpeg"
"437","picture0437.jpeg"
"350","picture0350.jpeg"
"827","picture0827.jpeg"
"1851","picture1851.jpeg"
"637","picture0637.jpeg"
"354","picture0354.jpeg"
"647","picture0647.jpeg"
"1854","picture1854.jpeg"
"181","picture0181.jpeg"
"462","picture0462.jpeg"
"169","picture0169.jpeg"
"1506","picture1506.jpeg"
"817","picture0817.jpeg"
"904","picture0904.jpeg"
"1120","picture1120.jpeg"
"2008","picture2008.jpeg"
"1810","picture1810.jpeg"
"614","picture0614.jpeg"
"638","picture0638.jpeg"
"820","picture0820.jpeg"
"342","picture0342.jpeg"
"635","picture0635.jpeg"
"893","picture0893.jpeg"
"1975","picture1975.jpeg"
"1433","picture1433.jpeg"
"641","picture0641.jpeg"
"1989","picture1989.jpeg"
"381","picture0381.jpeg"
"812","picture0812.jpeg"
"304","picture0304.jpeg"
"819","picture0819.jpeg"
"1836","picture1836.jpeg"
"458","picture0458.jpeg"
"519","picture0519.jpeg"
"639","picture0639.jpeg"
"172","picture0172.jpeg"
"1993","picture1993.jpeg"
"1021","picture1021.jpeg"
"1817","picture1817.jpeg"
"631","picture0631.jpeg"
"253","picture0253.jpeg"
"1997","picture1997.jpeg"
"1499","picture1499.jpeg"
"344","picture0344.jpeg"
"1974","picture1974.jpeg"
"642","picture0642.jpeg"
"643","picture0643.jpeg"
"818","picture0818.jpeg"
"815","picture0815.jpeg"
"1988","picture1988.jpeg"
"466","picture0466.jpeg"
"1835","picture1835.jpeg"
"352","picture0352.jpeg"
"925","picture0925.jpeg"
"345","picture0345.jpeg"
"923","picture0923.jpeg"
"436","picture0436.jpeg"
"612","picture0612.jpeg"
"1720","picture1720.jpeg"
"144","picture0144.jpeg"
"1130","picture1130.jpeg"
"1417","picture1417.jpeg"
"182","picture0182.jpeg"
"2034","picture2034.jpeg"
"1816","picture1816.jpeg"
"455","picture0455.jpeg"
"1492","picture1492.jpeg"
"1502","picture1502.jpeg"
"644","picture0644.jpeg"
"1452","picture1452.jpeg"
"1415","picture1415.jpeg"
"1396","picture1396.jpeg"
"838","picture0838.jpeg"
"935","picture0935.jpeg"
"842","picture0842.jpeg"
"1722","picture1722.jpeg"
"942","picture0942.jpeg"
"932","picture0932.jpeg"
"934","picture0934.jpeg"
"930","picture0930.jpeg"
"757","picture0757.jpeg"
"1718","picture1718.jpeg"
"1401","picture1401.jpeg"
"1405","picture1405.jpeg"
"588","picture0588.jpeg"
"1406","picture1406.jpeg"
"1775","picture1775.jpeg"
"950","picture0950.jpeg"
"941","picture0941.jpeg"
"1410","picture1410.jpeg"
"1408","picture1408.jpeg"
"1730","picture1730.jpeg"
"843","picture0843.jpeg"
"1398","picture1398.jpeg"
"1712","picture1712.jpeg"
"1397","picture1397.jpeg"
"756","picture0756.jpeg"
"1717","picture1717.jpeg"
"1759","picture1759.jpeg"
"948","picture0948.jpeg"
"764","picture0764.jpeg"
"938","picture0938.jpeg"
"943","picture0943.jpeg"
"1399","picture1399.jpeg"
"1412","picture1412.jpeg"
"945","picture0945.jpeg"
"940","picture0940.jpeg"
"1486","picture1486.jpeg"
"1414","picture1414.jpeg"
"951","picture0951.jpeg"
"1719","picture1719.jpeg"
"10","picture0010.jpeg"
"844","picture0844.jpeg"
"946","picture0946.jpeg"
"939","picture0939.jpeg"
"1715","picture1715.jpeg"
"1716","picture1716.jpeg"
"1729","picture1729.jpeg"
"587","picture0587.jpeg"
"1723","picture1723.jpeg"
"1413","picture1413.jpeg"
"591","picture0591.jpeg"
"758","picture0758.jpeg"
"929","picture0929.jpeg"
"1754","picture1754.jpeg"
"1411","picture1411.jpeg"
"944","picture0944.jpeg"
"1724","picture1724.jpeg"
"760","picture0760.jpeg"
"1714","picture1714.jpeg"
"1395","picture1395.jpeg"
"936","picture0936.jpeg"
"845","picture0845.jpeg"
"750","picture0750.jpeg"
"1409","picture1409.jpeg"
"937","picture0937.jpeg"
"1757","picture1757.jpeg"
"1404","picture1404.jpeg"
"1407","picture1407.jpeg"
"766","picture0766.jpeg"
"947","picture0947.jpeg"
"949","picture0949.jpeg"
"931","picture0931.jpeg"
"841","picture0841.jpeg"
"1394","picture1394.jpeg"
"1416","picture1416.jpeg"
"762","picture0762.jpeg"
"933","picture0933.jpeg"
"1713","picture1713.jpeg"
"1403","picture1403.jpeg"
"589","picture0589.jpeg"
"594","picture0594.jpeg"
"86","picture0086.jpeg"
"1487","picture1487.jpeg"
"1400","picture1400.jpeg"
"593","picture0593.jpeg"
"761","picture0761.jpeg"
"1721","picture1721.jpeg"
"1402","picture1402.jpeg"
"1652","picture1652.jpeg"
"1600","picture1600.jpeg"
"1655","picture1655.jpeg"
"1659","picture1659.jpeg"
"1623","picture1623.jpeg"
"1576","picture1576.jpeg"
"1666","picture1666.jpeg"
"1608","picture1608.jpeg"
"1583","picture1583.jpeg"
"1641","picture1641.jpeg"
"1586","picture1586.jpeg"
"1646","picture1646.jpeg"
"1668","picture1668.jpeg"
"1626","picture1626.jpeg"
"1575","picture1575.jpeg"
"1702","picture1702.jpeg"
"1612","picture1612.jpeg"
"1696","picture1696.jpeg"
"1605","picture1605.jpeg"
"1596","picture1596.jpeg"
"1665","picture1665.jpeg"
"1689","picture1689.jpeg"
"1682","picture1682.jpeg"
"1635","picture1635.jpeg"
"1622","picture1622.jpeg"
"1699","picture1699.jpeg"
"1629","picture1629.jpeg"
"1566","picture1566.jpeg"
"1647","picture1647.jpeg"
"1680","picture1680.jpeg"
"1663","picture1663.jpeg"
"1618","picture1618.jpeg"
"1651","picture1651.jpeg"
"1565","picture1565.jpeg"
"1676","picture1676.jpeg"
"1660","picture1660.jpeg"
"1693","picture1693.jpeg"
"1611","picture1611.jpeg"
"1675","picture1675.jpeg"
"1653","picture1653.jpeg"
"1637","picture1637.jpeg"
"1678","picture1678.jpeg"
"1683","picture1683.jpeg"
"1701","picture1701.jpeg"
"1606","picture1606.jpeg"
"1630","picture1630.jpeg"
"1704","picture1704.jpeg"
"1650","picture1650.jpeg"
"1672","picture1672.jpeg"
"1607","picture1607.jpeg"
"1625","picture1625.jpeg"
"1691","picture1691.jpeg"
"1585","picture1585.jpeg"
"1580","picture1580.jpeg"
"1591","picture1591.jpeg"
"1587","picture1587.jpeg"
"1621","picture1621.jpeg"
"1636","picture1636.jpeg"
"1593","picture1593.jpeg"
"1667","picture1667.jpeg"
"1648","picture1648.jpeg"
"1598","picture1598.jpeg"
"1671","picture1671.jpeg"
"1634","picture1634.jpeg"
"1569","picture1569.jpeg"
"1686","picture1686.jpeg"
"1657","picture1657.jpeg"
"1619","picture1619.jpeg"
"1578","picture1578.jpeg"
"1688","picture1688.jpeg"
"1640","picture1640.jpeg"
"1631","picture1631.jpeg"
"1589","picture1589.jpeg"
"1638","picture1638.jpeg"
"1643","picture1643.jpeg"
"1677","picture1677.jpeg"
"1656","picture1656.jpeg"
"1615","picture1615.jpeg"
"1632","picture1632.jpeg"
"1604","picture1604.jpeg"
"1595","picture1595.jpeg"
"1664","picture1664.jpeg"
"1700","picture1700.jpeg"
"1706","picture1706.jpeg"
"1645","picture1645.jpeg"
"1601","picture1601.jpeg"
"1639","picture1639.jpeg"
"1674","picture1674.jpeg"
"1599","picture1599.jpeg"
"1588","picture1588.jpeg"
"1602","picture1602.jpeg"
"1679","picture1679.jpeg"
"1568","picture1568.jpeg"
"1687","picture1687.jpeg"
"1698","picture1698.jpeg"
"1658","picture1658.jpeg"
"1654","picture1654.jpeg"
"1579","picture1579.jpeg"
"1616","picture1616.jpeg"
"1613","picture1613.jpeg"
"1594","picture1594.jpeg"
"1684","picture1684.jpeg"
"1624","picture1624.jpeg"
"1705","picture1705.jpeg"
"1669","picture1669.jpeg"
"1661","picture1661.jpeg"
"1685","picture1685.jpeg"
"1574","picture1574.jpeg"
"1620","picture1620.jpeg"
"1603","picture1603.jpeg"
"1707","picture1707.jpeg"
"1582","picture1582.jpeg"
"1572","picture1572.jpeg"
"1610","picture1610.jpeg"
"1681","picture1681.jpeg"
"1649","picture1649.jpeg"
"1577","picture1577.jpeg"
"1573","picture1573.jpeg"
"1694","picture1694.jpeg"
"1673","picture1673.jpeg"
"1592","picture1592.jpeg"
"1571","picture1571.jpeg"
"1695","picture1695.jpeg"
"1617","picture1617.jpeg"
"1609","picture1609.jpeg"
"1597","picture1597.jpeg"
"1570","picture1570.jpeg"
"1703","picture1703.jpeg"
"1581","picture1581.jpeg"
"1697","picture1697.jpeg"
"1614","picture1614.jpeg"
"1644","picture1644.jpeg"
"1627","picture1627.jpeg"
"1670","picture1670.jpeg"
"1642","picture1642.jpeg"
"1590","picture1590.jpeg"
"1633","picture1633.jpeg"
"1628","picture1628.jpeg"
"1567","picture1567.jpeg"
"1690","picture1690.jpeg"
"1549","picture1549.jpeg"
"1558","picture1558.jpeg"
"1560","picture1560.jpeg"
"1557","picture1557.jpeg"
"1550","picture1550.jpeg"
"1562","picture1562.jpeg"
"1553","picture1553.jpeg"
"1564","picture1564.jpeg"
"1561","picture1561.jpeg"
"1556","picture1556.jpeg"
"1554","picture1554.jpeg"
"1563","picture1563.jpeg"
"1552","picture1552.jpeg"
"1555","picture1555.jpeg"
"1559","picture1559.jpeg"
"1548","picture1548.jpeg"
"1551","picture1551.jpeg"
"298","picture0298.jpeg"
"774","picture0774.jpeg"
"290","picture0290.jpeg"
"669","picture0669.jpeg"
"674","picture0674.jpeg"
"705","picture0705.jpeg"
"1126","picture1126.jpeg"
"735","picture0735.jpeg"
"739","picture0739.jpeg"
"380","picture0380.jpeg"
"678","picture0678.jpeg"
"377","picture0377.jpeg"
"718","picture0718.jpeg"
"1531","picture1531.jpeg"
"679","picture0679.jpeg"
"302","picture0302.jpeg"
"265","picture0265.jpeg"
"272","picture0272.jpeg"
"677","picture0677.jpeg"
"379","picture0379.jpeg"
"741","picture0741.jpeg"
"280","picture0280.jpeg"
"775","picture0775.jpeg"
"747","picture0747.jpeg"
"1384","picture1384.jpeg"
"285","picture0285.jpeg"
"291","picture0291.jpeg"
"665","picture0665.jpeg"
"1125","picture1125.jpeg"
"1464","picture1464.jpeg"
"282","picture0282.jpeg"
"292","picture0292.jpeg"
"1536","picture1536.jpeg"
"1953","picture1953.jpeg"
"297","picture0297.jpeg"
"956","picture0956.jpeg"
"955","picture0955.jpeg"
"675","picture0675.jpeg"
"732","picture0732.jpeg"
"431","picture0431.jpeg"
"1135","picture1135.jpeg"
"703","picture0703.jpeg"
"685","picture0685.jpeg"
"271","picture0271.jpeg"
"1480","picture1480.jpeg"
"276","picture0276.jpeg"
"1947","picture1947.jpeg"
"262","picture0262.jpeg"
"301","picture0301.jpeg"
"682","picture0682.jpeg"
"667","picture0667.jpeg"
"259","picture0259.jpeg"
"731","picture0731.jpeg"
"1139","picture1139.jpeg"
"661","picture0661.jpeg"
"680","picture0680.jpeg"
"658","picture0658.jpeg"
"1393","picture1393.jpeg"
"709","picture0709.jpeg"
"279","picture0279.jpeg"
"1123","picture1123.jpeg"
"670","picture0670.jpeg"
"730","picture0730.jpeg"
"954","picture0954.jpeg"
"666","picture0666.jpeg"
"671","picture0671.jpeg"
"1124","picture1124.jpeg"
"1530","picture1530.jpeg"
"746","picture0746.jpeg"
"744","picture0744.jpeg"
"1387","picture1387.jpeg"
"660","picture0660.jpeg"
"293","picture0293.jpeg"
"296","picture0296.jpeg"
"681","picture0681.jpeg"
"707","picture0707.jpeg"
"295","picture0295.jpeg"
"192","picture0192.jpeg"
"266","picture0266.jpeg"
"286","picture0286.jpeg"
"957","picture0957.jpeg"
"686","picture0686.jpeg"
"1471","picture1471.jpeg"
"517","picture0517.jpeg"
"676","picture0676.jpeg"
"275","picture0275.jpeg"
"261","picture0261.jpeg"
"300","picture0300.jpeg"
"772","picture0772.jpeg"
"654","picture0654.jpeg"
"1533","picture1533.jpeg"
"1527","picture1527.jpeg"
"1138","picture1138.jpeg"
"1529","picture1529.jpeg"
"303","picture0303.jpeg"
"284","picture0284.jpeg"
"779","picture0779.jpeg"
"777","picture0777.jpeg"
"515","picture0515.jpeg"
"294","picture0294.jpeg"
"773","picture0773.jpeg"
"1386","picture1386.jpeg"
"733","picture0733.jpeg"
"771","picture0771.jpeg"
"289","picture0289.jpeg"
"687","picture0687.jpeg"
"278","picture0278.jpeg"
"1465","picture1465.jpeg"
"782","picture0782.jpeg"
"268","picture0268.jpeg"
"288","picture0288.jpeg"
"270","picture0270.jpeg"
"1528","picture1528.jpeg"
"1143","picture1143.jpeg"
"273","picture0273.jpeg"
"281","picture0281.jpeg"
"1954","picture1954.jpeg"
"840","picture0840.jpeg"
"1473","picture1473.jpeg"
"283","picture0283.jpeg"
"673","picture0673.jpeg"
"663","picture0663.jpeg"
"1532","picture1532.jpeg"
"299","picture0299.jpeg"
"1140","picture1140.jpeg"
"1534","picture1534.jpeg"
"668","picture0668.jpeg"
"780","picture0780.jpeg"
"662","picture0662.jpeg"
"1136","picture1136.jpeg"
"1952","picture1952.jpeg"
"725","picture0725.jpeg"
"651","picture0651.jpeg"
"788","picture0788.jpeg"
"277","picture0277.jpeg"
"260","picture0260.jpeg"
"8","picture0008.jpeg"
"720","picture0720.jpeg"
"1535","picture1535.jpeg"
"267","picture0267.jpeg"
"1385","picture1385.jpeg"
"287","picture0287.jpeg"
"683","picture0683.jpeg"
"1142","picture1142.jpeg"
"672","picture0672.jpeg"
"656","picture0656.jpeg"
"776","picture0776.jpeg"
"664","picture0664.jpeg"
"1122","picture1122.jpeg"
"53","picture0053.jpeg"
"84","picture0084.jpeg"
"50","picture0050.jpeg"
"59","picture0059.jpeg"
"51","picture0051.jpeg"
"54","picture0054.jpeg"
"57","picture0057.jpeg"
"55","picture0055.jpeg"
"63","picture0063.jpeg"
"65","picture0065.jpeg"
"16","picture0016.jpeg"
"80","picture0080.jpeg"
"30","picture0030.jpeg"
"66","picture0066.jpeg"
"41","picture0041.jpeg"
"58","picture0058.jpeg"
"68","picture0068.jpeg"
"42","picture0042.jpeg"
"56","picture0056.jpeg"
"70","picture0070.jpeg"
"85","picture0085.jpeg"
"40","picture0040.jpeg"
"15","picture0015.jpeg"
"33","picture0033.jpeg"
"81","picture0081.jpeg"
"82","picture0082.jpeg"
"39","picture0039.jpeg"
"62","picture0062.jpeg"
"21","picture0021.jpeg"
"67","picture0067.jpeg"
"20","picture0020.jpeg"
"69","picture0069.jpeg"
"71","picture0071.jpeg"
"37","picture0037.jpeg"
"18","picture0018.jpeg"
"61","picture0061.jpeg"
"60","picture0060.jpeg"
"34","picture0034.jpeg"
"48","picture0048.jpeg"
"38","picture0038.jpeg"
"36","picture0036.jpeg"
"64","picture0064.jpeg"
"17","picture0017.jpeg"
"19","picture0019.jpeg"
"29","picture0029.jpeg"
"83","picture0083.jpeg"
"1846","picture1846.jpeg"
"2040","picture2040.jpeg"
"1838","picture1838.jpeg"
"1992","picture1992.jpeg"
"1853","picture1853.jpeg"
"2064","picture2064.jpeg"
"1837","picture1837.jpeg"
"1797","picture1797.jpeg"
"1805","picture1805.jpeg"
"2046","picture2046.jpeg"
"2042","picture2042.jpeg"
"2004","picture2004.jpeg"
"2000","picture2000.jpeg"
"1852","picture1852.jpeg"
"1968","picture1968.jpeg"
"2017","picture2017.jpeg"
"2043","picture2043.jpeg"
"2033","picture2033.jpeg"
"2056","picture2056.jpeg"
"2002","picture2002.jpeg"
"2030","picture2030.jpeg"
"1970","picture1970.jpeg"
"2009","picture2009.jpeg"
"2065","picture2065.jpeg"
"1815","picture1815.jpeg"
"1843","picture1843.jpeg"
"1850","picture1850.jpeg"
"2055","picture2055.jpeg"
"2013","picture2013.jpeg"
"2003","picture2003.jpeg"
"1856","picture1856.jpeg"
"1811","picture1811.jpeg"
"2063","picture2063.jpeg"
"1967","picture1967.jpeg"
"2053","picture2053.jpeg"
"1813","picture1813.jpeg"
"1960","picture1960.jpeg"
"2062","picture2062.jpeg"
"183","picture0183.jpeg"
"1806","picture1806.jpeg"
"2015","picture2015.jpeg"
"1855","picture1855.jpeg"
"1814","picture1814.jpeg"
"2029","picture2029.jpeg"
"1832","picture1832.jpeg"
"1804","picture1804.jpeg"
"1984","picture1984.jpeg"
"2028","picture2028.jpeg"
"2026","picture2026.jpeg"
"1964","picture1964.jpeg"
"1963","picture1963.jpeg"
"2057","picture2057.jpeg"
"1801","picture1801.jpeg"
"1848","picture1848.jpeg"
"1999","picture1999.jpeg"
"2061","picture2061.jpeg"
"1799","picture1799.jpeg"
"2032","picture2032.jpeg"
"1973","picture1973.jpeg"
"2051","picture2051.jpeg"
"1981","picture1981.jpeg"
"1824","picture1824.jpeg"
"1812","picture1812.jpeg"
"1828","picture1828.jpeg"
"2041","picture2041.jpeg"
"1794","picture1794.jpeg"
"1802","picture1802.jpeg"
"1966","picture1966.jpeg"
"1840","picture1840.jpeg"
"1982","picture1982.jpeg"
"1961","picture1961.jpeg"
"1831","picture1831.jpeg"
"1830","picture1830.jpeg"
"1987","picture1987.jpeg"
"1991","picture1991.jpeg"
"1827","picture1827.jpeg"
"2036","picture2036.jpeg"
"1976","picture1976.jpeg"
"1847","picture1847.jpeg"
"1977","picture1977.jpeg"
"1978","picture1978.jpeg"
"1969","picture1969.jpeg"
"1958","picture1958.jpeg"
"2048","picture2048.jpeg"
"2010","picture2010.jpeg"
"2038","picture2038.jpeg"
"2045","picture2045.jpeg"
"1985","picture1985.jpeg"
"1834","picture1834.jpeg"
"2031","picture2031.jpeg"
"1980","picture1980.jpeg"
"1844","picture1844.jpeg"
"2052","picture2052.jpeg"
"1962","picture1962.jpeg"
"2018","picture2018.jpeg"
"2054","picture2054.jpeg"
"1823","picture1823.jpeg"
"1845","picture1845.jpeg"
"1972","picture1972.jpeg"
"1965","picture1965.jpeg"
"2050","picture2050.jpeg"
"1994","picture1994.jpeg"
"1990","picture1990.jpeg"
"1839","picture1839.jpeg"
"2049","picture2049.jpeg"
"2039","picture2039.jpeg"
"1807","picture1807.jpeg"
"2059","picture2059.jpeg"
"1825","picture1825.jpeg"
"1808","picture1808.jpeg"
"1971","picture1971.jpeg"
"2001","picture2001.jpeg"
"2037","picture2037.jpeg"
"1979","picture1979.jpeg"
"1833","picture1833.jpeg"
"2058","picture2058.jpeg"
"2060","picture2060.jpeg"
"2027","picture2027.jpeg"
"2044","picture2044.jpeg"
"1957","picture1957.jpeg"
"2035","picture2035.jpeg"
"2047","picture2047.jpeg"
"210","picture0210.jpeg"
"215","picture0215.jpeg"
"212","picture0212.jpeg"
"218","picture0218.jpeg"
"202","picture0202.jpeg"
"204","picture0204.jpeg"
"221","picture0221.jpeg"
"211","picture0211.jpeg"
"209","picture0209.jpeg"
"206","picture0206.jpeg"
"199","picture0199.jpeg"
"201","picture0201.jpeg"
"203","picture0203.jpeg"
"197","picture0197.jpeg"
"200","picture0200.jpeg"
"198","picture0198.jpeg"
"755","picture0755.jpeg"
"214","picture0214.jpeg"
"216","picture0216.jpeg"
"208","picture0208.jpeg"
"222","picture0222.jpeg"
"205","picture0205.jpeg"
"213","picture0213.jpeg"
"207","picture0207.jpeg"
"220","picture0220.jpeg"
"219","picture0219.jpeg"
"583","picture0583.jpeg"
"568","picture0568.jpeg"
"557","picture0557.jpeg"
"542","picture0542.jpeg"
"864","picture0864.jpeg"
"570","picture0570.jpeg"
"554","picture0554.jpeg"
"575","picture0575.jpeg"
"525","picture0525.jpeg"
"584","picture0584.jpeg"
"547","picture0547.jpeg"
"577","picture0577.jpeg"
"551","picture0551.jpeg"
"574","picture0574.jpeg"
"544","picture0544.jpeg"
"543","picture0543.jpeg"
"521","picture0521.jpeg"
"579","picture0579.jpeg"
"858","picture0858.jpeg"
"530","picture0530.jpeg"
"582","picture0582.jpeg"
"860","picture0860.jpeg"
"558","picture0558.jpeg"
"871","picture0871.jpeg"
"571","picture0571.jpeg"
"555","picture0555.jpeg"
"548","picture0548.jpeg"
"534","picture0534.jpeg"
"867","picture0867.jpeg"
"523","picture0523.jpeg"
"552","picture0552.jpeg"
"576","picture0576.jpeg"
"545","picture0545.jpeg"
"869","picture0869.jpeg"
"859","picture0859.jpeg"
"578","picture0578.jpeg"
"531","picture0531.jpeg"
"585","picture0585.jpeg"
"559","picture0559.jpeg"
"868","picture0868.jpeg"
"870","picture0870.jpeg"
"586","picture0586.jpeg"
"562","picture0562.jpeg"
"569","picture0569.jpeg"
"861","picture0861.jpeg"
"572","picture0572.jpeg"
"549","picture0549.jpeg"
"524","picture0524.jpeg"
"538","picture0538.jpeg"
"553","picture0553.jpeg"
"581","picture0581.jpeg"
"550","picture0550.jpeg"
"535","picture0535.jpeg"
"532","picture0532.jpeg"
"566","picture0566.jpeg"
"565","picture0565.jpeg"
"573","picture0573.jpeg"
"580","picture0580.jpeg"
"563","picture0563.jpeg"
"862","picture0862.jpeg"
"560","picture0560.jpeg"
"526","picture0526.jpeg"
"536","picture0536.jpeg"
"556","picture0556.jpeg"
"546","picture0546.jpeg"
"533","picture0533.jpeg"
"527","picture0527.jpeg"
"541","picture0541.jpeg"
"873","picture0873.jpeg"
"567","picture0567.jpeg"
"539","picture0539.jpeg"
"872","picture0872.jpeg"
"564","picture0564.jpeg"
"863","picture0863.jpeg"
"561","picture0561.jpeg"
"865","picture0865.jpeg"
"537","picture0537.jpeg"
"528","picture0528.jpeg"
"866","picture0866.jpeg"
"540","picture0540.jpeg"
"529","picture0529.jpeg"
"1863","picture1863.jpeg"
"485","picture0485.jpeg"
"795","picture0795.jpeg"
"811","picture0811.jpeg"
"1914","picture1914.jpeg"
"496","picture0496.jpeg"
"1871","picture1871.jpeg"
"1903","picture1903.jpeg"
"508","picture0508.jpeg"
"504","picture0504.jpeg"
"800","picture0800.jpeg"
"1889","picture1889.jpeg"
"510","picture0510.jpeg"
"503","picture0503.jpeg"
"493","picture0493.jpeg"
"148","picture0148.jpeg"
"807","picture0807.jpeg"
"150","picture0150.jpeg"
"509","picture0509.jpeg"
"151","picture0151.jpeg"
"1938","picture1938.jpeg"
"649","picture0649.jpeg"
"1894","picture1894.jpeg"
"1949","picture1949.jpeg"
"152","picture0152.jpeg"
"1875","picture1875.jpeg"
"1867","picture1867.jpeg"
"1890","picture1890.jpeg"
"484","picture0484.jpeg"
"6","picture0006.jpeg"
"492","picture0492.jpeg"
"1917","picture1917.jpeg"
"11","picture0011.jpeg"
"495","picture0495.jpeg"
"1880","picture1880.jpeg"
"413","picture0413.jpeg"
"3","picture0003.jpeg"
"1895","picture1895.jpeg"
"1885","picture1885.jpeg"
"1915","picture1915.jpeg"
"770","picture0770.jpeg"
"785","picture0785.jpeg"
"1859","picture1859.jpeg"
"1910","picture1910.jpeg"
"808","picture0808.jpeg"
"489","picture0489.jpeg"
"1924","picture1924.jpeg"
"833","picture0833.jpeg"
"506","picture0506.jpeg"
"500","picture0500.jpeg"
"1876","picture1876.jpeg"
"505","picture0505.jpeg"
"803","picture0803.jpeg"
"1886","picture1886.jpeg"
"1904","picture1904.jpeg"
"153","picture0153.jpeg"
"12","picture0012.jpeg"
"1493","picture1493.jpeg"
"146","picture0146.jpeg"
"793","picture0793.jpeg"
"1044","picture1044.jpeg"
"1891","picture1891.jpeg"
"486","picture0486.jpeg"
"960","picture0960.jpeg"
"491","picture0491.jpeg"
"1911","picture1911.jpeg"
"1906","picture1906.jpeg"
"1881","picture1881.jpeg"
"1866","picture1866.jpeg"
"798","picture0798.jpeg"
"483","picture0483.jpeg"
"499","picture0499.jpeg"
"13","picture0013.jpeg"
"2020","picture2020.jpeg"
"1059","picture1059.jpeg"
"1869","picture1869.jpeg"
"804","picture0804.jpeg"
"522","picture0522.jpeg"
"408","picture0408.jpeg"
"490","picture0490.jpeg"
"154","picture0154.jpeg"
"1928","picture1928.jpeg"
"846","picture0846.jpeg"
"849","picture0849.jpeg"
"799","picture0799.jpeg"
"498","picture0498.jpeg"
"1919","picture1919.jpeg"
"1884","picture1884.jpeg"
"809","picture0809.jpeg"
"1918","picture1918.jpeg"
"1935","picture1935.jpeg"
"959","picture0959.jpeg"
"650","picture0650.jpeg"
"789","picture0789.jpeg"
"1496","picture1496.jpeg"
"412","picture0412.jpeg"
"1925","picture1925.jpeg"
"1873","picture1873.jpeg"
"1920","picture1920.jpeg"
"1923","picture1923.jpeg"
"488","picture0488.jpeg"
"147","picture0147.jpeg"
"420","picture0420.jpeg"
"832","picture0832.jpeg"
"501","picture0501.jpeg"
"1930","picture1930.jpeg"
"1495","picture1495.jpeg"
"1472","picture1472.jpeg"
"1916","picture1916.jpeg"
"1862","picture1862.jpeg"
"507","picture0507.jpeg"
"1893","picture1893.jpeg"
"384","picture0384.jpeg"
"1508","picture1508.jpeg"
"513","picture0513.jpeg"
"1883","picture1883.jpeg"
"497","picture0497.jpeg"
"1865","picture1865.jpeg"
"1796","picture1796.jpeg"
"409","picture0409.jpeg"
"145","picture0145.jpeg"
"1887","picture1887.jpeg"
"1921","picture1921.jpeg"
"416","picture0416.jpeg"
"1469","picture1469.jpeg"
"1877","picture1877.jpeg"
"1944","picture1944.jpeg"
"829","picture0829.jpeg"
"1468","picture1468.jpeg"
"1858","picture1858.jpeg"
"958","picture0958.jpeg"
"1899","picture1899.jpeg"
"1901","picture1901.jpeg"
"1897","picture1897.jpeg"
"1819","picture1819.jpeg"
"502","picture0502.jpeg"
"9","picture0009.jpeg"
"487","picture0487.jpeg"
"407","picture0407.jpeg"
"1946","picture1946.jpeg"
"1937","picture1937.jpeg"
"1879","picture1879.jpeg"
"831","picture0831.jpeg"
"1932","picture1932.jpeg"
"5","picture0005.jpeg"
"1795","picture1795.jpeg"
"792","picture0792.jpeg"
"797","picture0797.jpeg"
"1507","picture1507.jpeg"
"794","picture0794.jpeg"
"1912","picture1912.jpeg"
"7","picture0007.jpeg"
"4","picture0004.jpeg"
"1941","picture1941.jpeg"
"1860","picture1860.jpeg"
"418","picture0418.jpeg"
"1864","picture1864.jpeg"
"1861","picture1861.jpeg"
"1872","picture1872.jpeg"
"1908","picture1908.jpeg"
"806","picture0806.jpeg"
"1878","picture1878.jpeg"
"1939","picture1939.jpeg"
"514","picture0514.jpeg"
"953","picture0953.jpeg"
"1870","picture1870.jpeg"
"1857","picture1857.jpeg"
"1959","picture1959.jpeg"
"1942","picture1942.jpeg"
"787","picture0787.jpeg"
"1898","picture1898.jpeg"
"511","picture0511.jpeg"
"1900","picture1900.jpeg"
"1922","picture1922.jpeg"
"1902","picture1902.jpeg"
"1896","picture1896.jpeg"
"805","picture0805.jpeg"
"149","picture0149.jpeg"
"1888","picture1888.jpeg"
"1943","picture1943.jpeg"
"410","picture0410.jpeg"
"1498","picture1498.jpeg"
"494","picture0494.jpeg"
"1913","picture1913.jpeg"
"1940","picture1940.jpeg"
"1926","picture1926.jpeg"
"1868","picture1868.jpeg"
"155","picture0155.jpeg"
"1951","picture1951.jpeg"
"786","picture0786.jpeg"
"796","picture0796.jpeg"
"512","picture0512.jpeg"
"801","picture0801.jpeg"
"1882","picture1882.jpeg"
"1874","picture1874.jpeg"
"1892","picture1892.jpeg"
"1956","picture1956.jpeg"
"307","picture0307.jpeg"
"405","picture0405.jpeg"
"971","picture0971.jpeg"
"334","picture0334.jpeg"
"401","picture0401.jpeg"
"335","picture0335.jpeg"
"309","picture0309.jpeg"
"962","picture0962.jpeg"
"600","picture0600.jpeg"
"595","picture0595.jpeg"
"333","picture0333.jpeg"
"308","picture0308.jpeg"
"1526","picture1526.jpeg"
"966","picture0966.jpeg"
"336","picture0336.jpeg"
"970","picture0970.jpeg"
"603","picture0603.jpeg"
"403","picture0403.jpeg"
"597","picture0597.jpeg"
"316","picture0316.jpeg"
"1525","picture1525.jpeg"
"400","picture0400.jpeg"
"324","picture0324.jpeg"
"601","picture0601.jpeg"
"306","picture0306.jpeg"
"339","picture0339.jpeg"
"319","picture0319.jpeg"
"604","picture0604.jpeg"
"404","picture0404.jpeg"
"325","picture0325.jpeg"
"965","picture0965.jpeg"
"975","picture0975.jpeg"
"397","picture0397.jpeg"
"607","picture0607.jpeg"
"315","picture0315.jpeg"
"605","picture0605.jpeg"
"305","picture0305.jpeg"
"402","picture0402.jpeg"
"973","picture0973.jpeg"
"1945","picture1945.jpeg"
"964","picture0964.jpeg"
"323","picture0323.jpeg"
"329","picture0329.jpeg"
"972","picture0972.jpeg"
"328","picture0328.jpeg"
"974","picture0974.jpeg"
"398","picture0398.jpeg"
"606","picture0606.jpeg"
"314","picture0314.jpeg"
"596","picture0596.jpeg"
"1523","picture1523.jpeg"
"332","picture0332.jpeg"
"331","picture0331.jpeg"
"310","picture0310.jpeg"
"967","picture0967.jpeg"
"1524","picture1524.jpeg"
"968","picture0968.jpeg"
"313","picture0313.jpeg"
"338","picture0338.jpeg"
"406","picture0406.jpeg"
"598","picture0598.jpeg"
"609","picture0609.jpeg"
"318","picture0318.jpeg"
"341","picture0341.jpeg"
"317","picture0317.jpeg"
"326","picture0326.jpeg"
"963","picture0963.jpeg"
"399","picture0399.jpeg"
"321","picture0321.jpeg"
"608","picture0608.jpeg"
"969","picture0969.jpeg"
"1522","picture1522.jpeg"
"322","picture0322.jpeg"
"330","picture0330.jpeg"
"1826","picture1826.jpeg"
"327","picture0327.jpeg"
"599","picture0599.jpeg"
"337","picture0337.jpeg"
"396","picture0396.jpeg"
"312","picture0312.jpeg"
"602","picture0602.jpeg"
"961","picture0961.jpeg"
"311","picture0311.jpeg"
"320","picture0320.jpeg"
"340","picture0340.jpeg"
"592","picture0592.jpeg"
"1018","picture1018.jpeg"
"1731","picture1731.jpeg"
"837","picture0837.jpeg"
"768","picture0768.jpeg"
"364","picture0364.jpeg"
"769","picture0769.jpeg"
"928","picture0928.jpeg"
"783","picture0783.jpeg"
"767","picture0767.jpeg"
"765","picture0765.jpeg"
"368","picture0368.jpeg"
"784","picture0784.jpeg"
"759","picture0759.jpeg"
"590","picture0590.jpeg"
"367","picture0367.jpeg"
"763","picture0763.jpeg"
"839","picture0839.jpeg"
"835","picture0835.jpeg"
"836","picture0836.jpeg"
"834","picture0834.jpeg"
"1009","picture1009.jpeg"
"1491","picture1491.jpeg"
"1511","picture1511.jpeg"
"1008","picture1008.jpeg"
"826","picture0826.jpeg"
"821","picture0821.jpeg"
"1003","picture1003.jpeg"
"1010","picture1010.jpeg"
"1421","picture1421.jpeg"
"1033","picture1033.jpeg"
"810","picture0810.jpeg"
"1420","picture1420.jpeg"
"1023","picture1023.jpeg"
"851","picture0851.jpeg"
"1454","picture1454.jpeg"
"1038","picture1038.jpeg"
"390","picture0390.jpeg"
"1509","picture1509.jpeg"
"1001","picture1001.jpeg"
"1430","picture1430.jpeg"
"0","picture0000.jpeg"
"26","picture0026.jpeg"
"391","picture0391.jpeg"
"1011","picture1011.jpeg"
"389","picture0389.jpeg"
"978","picture0978.jpeg"
"394","picture0394.jpeg"
"195","picture0195.jpeg"
"1014","picture1014.jpeg"
"1504","picture1504.jpeg"
"217","picture0217.jpeg"
"994","picture0994.jpeg"
"1424","picture1424.jpeg"
"1007","picture1007.jpeg"
"987","picture0987.jpeg"
"853","picture0853.jpeg"
"1","picture0001.jpeg"
"1034","picture1034.jpeg"
"1426","picture1426.jpeg"
"1128","picture1128.jpeg"
"1434","picture1434.jpeg"
"1039","picture1039.jpeg"
"382","picture0382.jpeg"
"1002","picture1002.jpeg"
"986","picture0986.jpeg"
"752","picture0752.jpeg"
"822","picture0822.jpeg"
"1792","picture1792.jpeg"
"1012","picture1012.jpeg"
"395","picture0395.jpeg"
"1463","picture1463.jpeg"
"1013","picture1013.jpeg"
"997","picture0997.jpeg"
"976","picture0976.jpeg"
"814","picture0814.jpeg"
"1438","picture1438.jpeg"
"1035","picture1035.jpeg"
"1127","picture1127.jpeg"
"992","picture0992.jpeg"
"1447","picture1447.jpeg"
"984","picture0984.jpeg"
"990","picture0990.jpeg"
"1031","picture1031.jpeg"
"995","picture0995.jpeg"
"996","picture0996.jpeg"
"1006","picture1006.jpeg"
"25","picture0025.jpeg"
"1028","picture1028.jpeg"
"989","picture0989.jpeg"
"1429","picture1429.jpeg"
"1428","picture1428.jpeg"
"1036","picture1036.jpeg"
"979","picture0979.jpeg"
"825","picture0825.jpeg"
"1029","picture1029.jpeg"
"1510","picture1510.jpeg"
"998","picture0998.jpeg"
"24","picture0024.jpeg"
"824","picture0824.jpeg"
"1419","picture1419.jpeg"
"991","picture0991.jpeg"
"392","picture0392.jpeg"
"828","picture0828.jpeg"
"1032","picture1032.jpeg"
"1512","picture1512.jpeg"
"816","picture0816.jpeg"
"1455","picture1455.jpeg"
"1488","picture1488.jpeg"
"1422","picture1422.jpeg"
"1005","picture1005.jpeg"
"988","picture0988.jpeg"
"1427","picture1427.jpeg"
"1435","picture1435.jpeg"
"999","picture0999.jpeg"
"1444","picture1444.jpeg"
"1037","picture1037.jpeg"
"1129","picture1129.jpeg"
"1000","picture1000.jpeg"
"922","picture0922.jpeg"
"1437","picture1437.jpeg"
"426","picture0426.jpeg"
"1004","picture1004.jpeg"
"23","picture0023.jpeg"
"1040","picture1040.jpeg"
"1494","picture1494.jpeg"
"823","picture0823.jpeg"
"855","picture0855.jpeg"
"393","picture0393.jpeg"
"848","picture0848.jpeg"
"1445","picture1445.jpeg"
"1462","picture1462.jpeg"
"977","picture0977.jpeg"
"32","picture0032.jpeg"
"385","picture0385.jpeg"
"1489","picture1489.jpeg"
"980","picture0980.jpeg"
"1027","picture1027.jpeg"
"1501","picture1501.jpeg"
"854","picture0854.jpeg"
"985","picture0985.jpeg"
"1505","picture1505.jpeg"
"1458","picture1458.jpeg"
"1461","picture1461.jpeg"
"1019","picture1019.jpeg"
"852","picture0852.jpeg"
"1453","picture1453.jpeg"
"1022","picture1022.jpeg"
"387","picture0387.jpeg"
"1118","picture1118.jpeg"
"520","picture0520.jpeg"
"1500","picture1500.jpeg"
"196","picture0196.jpeg"
"1448","picture1448.jpeg"
"1490","picture1490.jpeg"
"1030","picture1030.jpeg"
"1456","picture1456.jpeg"
"1790","picture1790.jpeg"
"1439","picture1439.jpeg"
"1064","picture1064.jpeg"
"1423","picture1423.jpeg"
"857","picture0857.jpeg"
"1442","picture1442.jpeg"
"1432","picture1432.jpeg"
"993","picture0993.jpeg"
"1065","picture1065.jpeg"
"31","picture0031.jpeg"
"813","picture0813.jpeg"
"1440","picture1440.jpeg"
"1460","picture1460.jpeg"
"927","picture0927.jpeg"
"1017","picture1017.jpeg"
"1025","picture1025.jpeg"
"388","picture0388.jpeg"
"850","picture0850.jpeg"
"856","picture0856.jpeg"
"1441","picture1441.jpeg"
"1431","picture1431.jpeg"
"1443","picture1443.jpeg"
"1446","picture1446.jpeg"
"1015","picture1015.jpeg"
"1119","picture1119.jpeg"
"1436","picture1436.jpeg"
"847","picture0847.jpeg"
"386","picture0386.jpeg"
"1024","picture1024.jpeg"
"1418","picture1418.jpeg"
"1121","picture1121.jpeg"
"1737","picture1737.jpeg"
"1711","picture1711.jpeg"
"1768","picture1768.jpeg"
"1709","picture1709.jpeg"
"1772","picture1772.jpeg"
"1749","picture1749.jpeg"
"1767","picture1767.jpeg"
"1741","picture1741.jpeg"
"1758","picture1758.jpeg"
"1736","picture1736.jpeg"
"1752","picture1752.jpeg"
"1740","picture1740.jpeg"
"1769","picture1769.jpeg"
"1751","picture1751.jpeg"
"140","picture0140.jpeg"
"1726","picture1726.jpeg"
"1734","picture1734.jpeg"
"1745","picture1745.jpeg"
"1761","picture1761.jpeg"
"1733","picture1733.jpeg"
"1765","picture1765.jpeg"
"1727","picture1727.jpeg"
"1746","picture1746.jpeg"
"1738","picture1738.jpeg"
"1764","picture1764.jpeg"
"1739","picture1739.jpeg"
"1774","picture1774.jpeg"
"141","picture0141.jpeg"
"1725","picture1725.jpeg"
"1773","picture1773.jpeg"
"1770","picture1770.jpeg"
"1732","picture1732.jpeg"
"1762","picture1762.jpeg"
"1755","picture1755.jpeg"
"1760","picture1760.jpeg"
"1763","picture1763.jpeg"
"1708","picture1708.jpeg"
"138","picture0138.jpeg"
"1756","picture1756.jpeg"
"1771","picture1771.jpeg"
"139","picture0139.jpeg"
"1766","picture1766.jpeg"
"142","picture0142.jpeg"
"1747","picture1747.jpeg"
"1728","picture1728.jpeg"
"1748","picture1748.jpeg"
"1710","picture1710.jpeg"
"1742","picture1742.jpeg"
"1750","picture1750.jpeg"
"143","picture0143.jpeg"
"1744","picture1744.jpeg"
"1753","picture1753.jpeg"
"1743","picture1743.jpeg"
"1255","picture1255.jpeg"
"1354","picture1354.jpeg"
"1323","picture1323.jpeg"
"1330","picture1330.jpeg"
"1210","picture1210.jpeg"
"1312","picture1312.jpeg"
"1342","picture1342.jpeg"
"1145","picture1145.jpeg"
"1167","picture1167.jpeg"
"1149","picture1149.jpeg"
"1307","picture1307.jpeg"
"1179","picture1179.jpeg"
"1169","picture1169.jpeg"
"1184","picture1184.jpeg"
"1290","picture1290.jpeg"
"1292","picture1292.jpeg"
"1296","picture1296.jpeg"
"1217","picture1217.jpeg"
"1299","picture1299.jpeg"
"1214","picture1214.jpeg"
"1174","picture1174.jpeg"
"1200","picture1200.jpeg"
"1311","picture1311.jpeg"
"1260","picture1260.jpeg"
"1253","picture1253.jpeg"
"1178","picture1178.jpeg"
"1262","picture1262.jpeg"
"1293","picture1293.jpeg"
"1268","picture1268.jpeg"
"1364","picture1364.jpeg"
"1192","picture1192.jpeg"
"1300","picture1300.jpeg"
"1223","picture1223.jpeg"
"1304","picture1304.jpeg"
"1152","picture1152.jpeg"
"1147","picture1147.jpeg"
"1379","picture1379.jpeg"
"1198","picture1198.jpeg"
"1203","picture1203.jpeg"
"1258","picture1258.jpeg"
"1199","picture1199.jpeg"
"1371","picture1371.jpeg"
"1374","picture1374.jpeg"
"1215","picture1215.jpeg"
"1212","picture1212.jpeg"
"1241","picture1241.jpeg"
"1340","picture1340.jpeg"
"1182","picture1182.jpeg"
"1275","picture1275.jpeg"
"1305","picture1305.jpeg"
"1236","picture1236.jpeg"
"1170","picture1170.jpeg"
"1153","picture1153.jpeg"
"1276","picture1276.jpeg"
"1279","picture1279.jpeg"
"1337","picture1337.jpeg"
"1229","picture1229.jpeg"
"1350","picture1350.jpeg"
"1240","picture1240.jpeg"
"1155","picture1155.jpeg"
"1208","picture1208.jpeg"
"1382","picture1382.jpeg"
"1204","picture1204.jpeg"
"1146","picture1146.jpeg"
"1256","picture1256.jpeg"
"1360","picture1360.jpeg"
"1245","picture1245.jpeg"
"1322","picture1322.jpeg"
"1348","picture1348.jpeg"
"1250","picture1250.jpeg"
"1263","picture1263.jpeg"
"1367","picture1367.jpeg"
"1298","picture1298.jpeg"
"1270","picture1270.jpeg"
"1261","picture1261.jpeg"
"1358","picture1358.jpeg"
"1171","picture1171.jpeg"
"1285","picture1285.jpeg"
"1301","picture1301.jpeg"
"1280","picture1280.jpeg"
"1297","picture1297.jpeg"
"1227","picture1227.jpeg"
"1329","picture1329.jpeg"
"1366","picture1366.jpeg"
"1238","picture1238.jpeg"
"1378","picture1378.jpeg"
"1233","picture1233.jpeg"
"1197","picture1197.jpeg"
"1306","picture1306.jpeg"
"1228","picture1228.jpeg"
"1283","picture1283.jpeg"
"1148","picture1148.jpeg"
"1273","picture1273.jpeg"
"1232","picture1232.jpeg"
"1252","picture1252.jpeg"
"1359","picture1359.jpeg"
"1221","picture1221.jpeg"
"1144","picture1144.jpeg"
"1334","picture1334.jpeg"
"1363","picture1363.jpeg"
"1195","picture1195.jpeg"
"1158","picture1158.jpeg"
"1318","picture1318.jpeg"
"1351","picture1351.jpeg"
"1341","picture1341.jpeg"
"1165","picture1165.jpeg"
"1183","picture1183.jpeg"
"1196","picture1196.jpeg"
"1369","picture1369.jpeg"
"1286","picture1286.jpeg"
"1266","picture1266.jpeg"
"1246","picture1246.jpeg"
"1302","picture1302.jpeg"
"1248","picture1248.jpeg"
"1377","picture1377.jpeg"
"1344","picture1344.jpeg"
"1368","picture1368.jpeg"
"1175","picture1175.jpeg"
"1186","picture1186.jpeg"
"1291","picture1291.jpeg"
"1265","picture1265.jpeg"
"1328","picture1328.jpeg"
"1216","picture1216.jpeg"
"1331","picture1331.jpeg"
"1202","picture1202.jpeg"
"1222","picture1222.jpeg"
"1294","picture1294.jpeg"
"1254","picture1254.jpeg"
"1267","picture1267.jpeg"
"1257","picture1257.jpeg"
"1349","picture1349.jpeg"
"1316","picture1316.jpeg"
"1373","picture1373.jpeg"
"1289","picture1289.jpeg"
"1375","picture1375.jpeg"
"1310","picture1310.jpeg"
"1251","picture1251.jpeg"
"1191","picture1191.jpeg"
"1308","picture1308.jpeg"
"1264","picture1264.jpeg"
"1274","picture1274.jpeg"
"1247","picture1247.jpeg"
"1272","picture1272.jpeg"
"1376","picture1376.jpeg"
"1234","picture1234.jpeg"
"1154","picture1154.jpeg"
"1361","picture1361.jpeg"
"1381","picture1381.jpeg"
"1161","picture1161.jpeg"
"1249","picture1249.jpeg"
"1282","picture1282.jpeg"
"1278","picture1278.jpeg"
"1370","picture1370.jpeg"
"1225","picture1225.jpeg"
"1235","picture1235.jpeg"
"1336","picture1336.jpeg"
"1362","picture1362.jpeg"
"1353","picture1353.jpeg"
"1172","picture1172.jpeg"
"1281","picture1281.jpeg"
"1157","picture1157.jpeg"
"1190","picture1190.jpeg"
"1324","picture1324.jpeg"
"1327","picture1327.jpeg"
"1295","picture1295.jpeg"
"1230","picture1230.jpeg"
"1218","picture1218.jpeg"
"1189","picture1189.jpeg"
"1352","picture1352.jpeg"
"1166","picture1166.jpeg"
"1326","picture1326.jpeg"
"1181","picture1181.jpeg"
"1220","picture1220.jpeg"
"1180","picture1180.jpeg"
"1259","picture1259.jpeg"
"1345","picture1345.jpeg"
"1173","picture1173.jpeg"
"1187","picture1187.jpeg"
"1303","picture1303.jpeg"
"1372","picture1372.jpeg"
"1347","picture1347.jpeg"
"1164","picture1164.jpeg"
"1168","picture1168.jpeg"
"1335","picture1335.jpeg"
"1338","picture1338.jpeg"
"1160","picture1160.jpeg"
"1313","picture1313.jpeg"
"1226","picture1226.jpeg"
"1244","picture1244.jpeg"
"1211","picture1211.jpeg"
"1315","picture1315.jpeg"
"1339","picture1339.jpeg"
"1355","picture1355.jpeg"
"1162","picture1162.jpeg"
"1242","picture1242.jpeg"
"1151","picture1151.jpeg"
"1176","picture1176.jpeg"
"1201","picture1201.jpeg"
"1343","picture1343.jpeg"
"1317","picture1317.jpeg"
"1271","picture1271.jpeg"
"1239","picture1239.jpeg"
"1332","picture1332.jpeg"
"1156","picture1156.jpeg"
"1380","picture1380.jpeg"
"1219","picture1219.jpeg"
"1224","picture1224.jpeg"
"1206","picture1206.jpeg"
"1177","picture1177.jpeg"
"1243","picture1243.jpeg"
"1320","picture1320.jpeg"
"1333","picture1333.jpeg"
"1277","picture1277.jpeg"
"1163","picture1163.jpeg"
"1193","picture1193.jpeg"
"1287","picture1287.jpeg"
"1159","picture1159.jpeg"
"1346","picture1346.jpeg"
"1269","picture1269.jpeg"
"1365","picture1365.jpeg"
"1356","picture1356.jpeg"
"1213","picture1213.jpeg"
"1314","picture1314.jpeg"
"1288","picture1288.jpeg"
"1231","picture1231.jpeg"
"1325","picture1325.jpeg"
"1205","picture1205.jpeg"
"1194","picture1194.jpeg"
"1357","picture1357.jpeg"
"1188","picture1188.jpeg"
"1150","picture1150.jpeg"
"1319","picture1319.jpeg"
"1207","picture1207.jpeg"
"1237","picture1237.jpeg"
"1321","picture1321.jpeg"
"1209","picture1209.jpeg"
"1309","picture1309.jpeg"
"1185","picture1185.jpeg"
"1284","picture1284.jpeg"
"122","picture0122.jpeg"
"88","picture0088.jpeg"
"135","picture0135.jpeg"
"105","picture0105.jpeg"
"97","picture0097.jpeg"
"113","picture0113.jpeg"
"119","picture0119.jpeg"
"102","picture0102.jpeg"
"103","picture0103.jpeg"
"134","picture0134.jpeg"
"126","picture0126.jpeg"
"1950","picture1950.jpeg"
"129","picture0129.jpeg"
"137","picture0137.jpeg"
"118","picture0118.jpeg"
"99","picture0099.jpeg"
"125","picture0125.jpeg"
"87","picture0087.jpeg"
"89","picture0089.jpeg"
"108","picture0108.jpeg"
"1821","picture1821.jpeg"
"107","picture0107.jpeg"
"121","picture0121.jpeg"
"1497","picture1497.jpeg"
"111","picture0111.jpeg"
"106","picture0106.jpeg"
"131","picture0131.jpeg"
"110","picture0110.jpeg"
"101","picture0101.jpeg"
"124","picture0124.jpeg"
"116","picture0116.jpeg"
"91","picture0091.jpeg"
"127","picture0127.jpeg"
"133","picture0133.jpeg"
"115","picture0115.jpeg"
"120","picture0120.jpeg"
"94","picture0094.jpeg"
"128","picture0128.jpeg"
"100","picture0100.jpeg"
"136","picture0136.jpeg"
"92","picture0092.jpeg"
"112","picture0112.jpeg"
"109","picture0109.jpeg"
"130","picture0130.jpeg"
"123","picture0123.jpeg"
"90","picture0090.jpeg"
"95","picture0095.jpeg"
"114","picture0114.jpeg"
"98","picture0098.jpeg"
"104","picture0104.jpeg"
"93","picture0093.jpeg"
"117","picture0117.jpeg"
"96","picture0096.jpeg"
"132","picture0132.jpeg"
"901","picture0901.jpeg"
"918","picture0918.jpeg"
"889","picture0889.jpeg"
"908","picture0908.jpeg"
"892","picture0892.jpeg"
"913","picture0913.jpeg"
"894","picture0894.jpeg"
"882","picture0882.jpeg"
"887","picture0887.jpeg"
"903","picture0903.jpeg"
"877","picture0877.jpeg"
"905","picture0905.jpeg"
"902","picture0902.jpeg"
"900","picture0900.jpeg"
"917","picture0917.jpeg"
"898","picture0898.jpeg"
"911","picture0911.jpeg"
"926","picture0926.jpeg"
"907","picture0907.jpeg"
"883","picture0883.jpeg"
"906","picture0906.jpeg"
"878","picture0878.jpeg"
"888","picture0888.jpeg"
"915","picture0915.jpeg"
"897","picture0897.jpeg"
"910","picture0910.jpeg"
"896","picture0896.jpeg"
"876","picture0876.jpeg"
"884","picture0884.jpeg"
"879","picture0879.jpeg"
"916","picture0916.jpeg"
"909","picture0909.jpeg"
"921","picture0921.jpeg"
"919","picture0919.jpeg"
"895","picture0895.jpeg"
"880","picture0880.jpeg"
"885","picture0885.jpeg"
"890","picture0890.jpeg"
"914","picture0914.jpeg"
"899","picture0899.jpeg"
"912","picture0912.jpeg"
"920","picture0920.jpeg"
"924","picture0924.jpeg"
"881","picture0881.jpeg"
"886","picture0886.jpeg"
"891","picture0891.jpeg"
"47","picture0047.jpeg"
"1547","picture1547.jpeg"
"1540","picture1540.jpeg"
"1111","picture1111.jpeg"
"1100","picture1100.jpeg"
"1080","picture1080.jpeg"
"1544","picture1544.jpeg"
"1117","picture1117.jpeg"
"1791","picture1791.jpeg"
"1074","picture1074.jpeg"
"1783","picture1783.jpeg"
"1082","picture1082.jpeg"
"1107","picture1107.jpeg"
"74","picture0074.jpeg"
"1075","picture1075.jpeg"
"1068","picture1068.jpeg"
"1089","picture1089.jpeg"
"1115","picture1115.jpeg"
"75","picture0075.jpeg"
"1085","picture1085.jpeg"
"1786","picture1786.jpeg"
"1091","picture1091.jpeg"
"1546","picture1546.jpeg"
"1099","picture1099.jpeg"
"1071","picture1071.jpeg"
"49","picture0049.jpeg"
"1789","picture1789.jpeg"
"1109","picture1109.jpeg"
"1079","picture1079.jpeg"
"1081","picture1081.jpeg"
"22","picture0022.jpeg"
"1106","picture1106.jpeg"
"1787","picture1787.jpeg"
"1105","picture1105.jpeg"
"1782","picture1782.jpeg"
"1067","picture1067.jpeg"
"1072","picture1072.jpeg"
"46","picture0046.jpeg"
"1069","picture1069.jpeg"
"52","picture0052.jpeg"
"1113","picture1113.jpeg"
"1114","picture1114.jpeg"
"1101","picture1101.jpeg"
"27","picture0027.jpeg"
"1076","picture1076.jpeg"
"1084","picture1084.jpeg"
"1094","picture1094.jpeg"
"1086","picture1086.jpeg"
"76","picture0076.jpeg"
"73","picture0073.jpeg"
"1112","picture1112.jpeg"
"78","picture0078.jpeg"
"1543","picture1543.jpeg"
"1541","picture1541.jpeg"
"72","picture0072.jpeg"
"1087","picture1087.jpeg"
"1788","picture1788.jpeg"
"45","picture0045.jpeg"
"1090","picture1090.jpeg"
"1457","picture1457.jpeg"
"35","picture0035.jpeg"
"44","picture0044.jpeg"
"1098","picture1098.jpeg"
"1070","picture1070.jpeg"
"1093","picture1093.jpeg"
"1539","picture1539.jpeg"
"1083","picture1083.jpeg"
"1108","picture1108.jpeg"
"1110","picture1110.jpeg"
"1103","picture1103.jpeg"
"1073","picture1073.jpeg"
"1784","picture1784.jpeg"
"79","picture0079.jpeg"
"1097","picture1097.jpeg"
"77","picture0077.jpeg"
"1542","picture1542.jpeg"
"28","picture0028.jpeg"
"1096","picture1096.jpeg"
"1092","picture1092.jpeg"
"1545","picture1545.jpeg"
"43","picture0043.jpeg"
"1785","picture1785.jpeg"
"1116","picture1116.jpeg"
"1102","picture1102.jpeg"
"1077","picture1077.jpeg"
"1538","picture1538.jpeg"
"1095","picture1095.jpeg"
"1078","picture1078.jpeg"
"1088","picture1088.jpeg"
"1066","picture1066.jpeg"
"1104","picture1104.jpeg"
"1459","picture1459.jpeg"
"370","picture0370.jpeg"
"256","picture0256.jpeg"
"361","picture0361.jpeg"
"358","picture0358.jpeg"
"255","picture0255.jpeg"
"427","picture0427.jpeg"
"1479","picture1479.jpeg"
"371","picture0371.jpeg"
"424","picture0424.jpeg"
"257","picture0257.jpeg"
"1475","picture1475.jpeg"
"369","picture0369.jpeg"
"359","picture0359.jpeg"
"360","picture0360.jpeg"
"423","picture0423.jpeg"
"375","picture0375.jpeg"
"429","picture0429.jpeg"
"365","picture0365.jpeg"
"428","picture0428.jpeg"
"1476","picture1476.jpeg"
"363","picture0363.jpeg"
"1477","picture1477.jpeg"
"373","picture0373.jpeg"
"376","picture0376.jpeg"
"430","picture0430.jpeg"
"425","picture0425.jpeg"
"366","picture0366.jpeg"
"254","picture0254.jpeg"
"357","picture0357.jpeg"
"374","picture0374.jpeg"
"1474","picture1474.jpeg"
"422","picture0422.jpeg"
"362","picture0362.jpeg"
"421","picture0421.jpeg"
"372","picture0372.jpeg"
"1057","picture1057.jpeg"
"2007","picture2007.jpeg"
"190","picture0190.jpeg"
"1049","picture1049.jpeg"
"1516","picture1516.jpeg"
"1517","picture1517.jpeg"
"1776","picture1776.jpeg"
"1931","picture1931.jpeg"
"1055","picture1055.jpeg"
"1046","picture1046.jpeg"
"2023","picture2023.jpeg"
"185","picture0185.jpeg"
"1060","picture1060.jpeg"
"1996","picture1996.jpeg"
"188","picture0188.jpeg"
"2025","picture2025.jpeg"
"187","picture0187.jpeg"
"1061","picture1061.jpeg"
"1983","picture1983.jpeg"
"1779","picture1779.jpeg"
"1518","picture1518.jpeg"
"2019","picture2019.jpeg"
"189","picture0189.jpeg"
"1043","picture1043.jpeg"
"184","picture0184.jpeg"
"1045","picture1045.jpeg"
"2024","picture2024.jpeg"
"1054","picture1054.jpeg"
"1936","picture1936.jpeg"
"1934","picture1934.jpeg"
"417","picture0417.jpeg"
"1778","picture1778.jpeg"
"1995","picture1995.jpeg"
"2014","picture2014.jpeg"
"1048","picture1048.jpeg"
"186","picture0186.jpeg"
"1062","picture1062.jpeg"
"1052","picture1052.jpeg"
"2005","picture2005.jpeg"
"415","picture0415.jpeg"
"1514","picture1514.jpeg"
"1050","picture1050.jpeg"
"411","picture0411.jpeg"
"1041","picture1041.jpeg"
"1515","picture1515.jpeg"
"419","picture0419.jpeg"
"1042","picture1042.jpeg"
"2011","picture2011.jpeg"
"1781","picture1781.jpeg"
"2021","picture2021.jpeg"
"1047","picture1047.jpeg"
"1056","picture1056.jpeg"
"2006","picture2006.jpeg"
"1063","picture1063.jpeg"
"1058","picture1058.jpeg"
"2012","picture2012.jpeg"
"1520","picture1520.jpeg"
"1051","picture1051.jpeg"
"1929","picture1929.jpeg"
"1777","picture1777.jpeg"
"1053","picture1053.jpeg"
"414","picture0414.jpeg"
"1513","picture1513.jpeg"
"1521","picture1521.jpeg"
"2016","picture2016.jpeg"
"1998","picture1998.jpeg"
"1780","picture1780.jpeg"
"1519","picture1519.jpeg"
"2022","picture2022.jpeg"
